{"cameraMode":{"drawMode":0,"name":"Shaded","section":"Shading Mode"},"sceneLighting":true,"audioPlay":false,"sceneViewState":{"showFog":true,"showMaterialUpdate":false,"showSkybox":true,"showFlares":true,"showImageEffects":true,"showParticleSystems":true},"in2DMode":false,"pivot":{"x":0.9850559234619141,"y":2.0821616649627687,"z":14.449764251708985},"rotation":{"x":-0.11352697759866715,"y":0.28545552492141726,"z":-0.034075576812028888,"w":-0.9510340094566345},"size":10.0,"orthographic":false}